<?xml version="1.0" encoding="utf-8" ?>
<Data>
  	<TotalLevel>27</TotalLevel>
  	<!-- level 1 -->
  	<item><name>vain</name><level>1</level></item><item><name>bent</name><level>1</level></item><item><name>crew</name><level>1</level></item><item><name>keen</name><level>1</level></item><item><name>tide</name><level>1</level></item><item><name>flag</name><level>1</level></item><item><name>tour</name><level>1</level></item><item><name>mode</name><level>1</level></item><item><name>toil</name><level>1</level></item><item><name>rail</name><level>1</level></item><item><name>heed</name><level>1</level></item><item><name>fare</name><level>1</level></item><item><name>cede</name><level>1</level></item><item><name>cite</name><level>1</level></item><item><name>bolt</name><level>1</level></item><item><name>plus</name><level>1</level></item><item><name>gale</name><level>1</level></item><item><name>muse</name><level>1</level></item><item><name>wont</name><level>1</level></item><item><name>slay</name><level>1</level></item><item><name>pomp</name><level>1</level></item><item><name>clad</name><level>1</level></item><item><name>slew</name><level>1</level></item><item><name>fray</name><level>1</level></item><item><name>rave</name><level>1</level></item><item><name>coax</name><level>1</level></item><item><name>aide</name><level>1</level></item><item><name>bate</name><level>1</level></item><item><name>cant</name><level>1</level></item><item><name>foil</name><level>1</level></item><item><name>pall</name><level>1</level></item><item><name>tout</name><level>1</level></item><item><name>rout</name><level>1</level></item><item><name>gird</name><level>1</level></item><item><name>ford</name><level>1</level></item>
  
  	<!-- level 2 -->
	<item><name>rend</name><level>2</level></item><item><name>teem</name><level>2</level></item><item><name>spat</name><level>2</level></item><item><name>mien</name><level>2</level></item><item><name>sate</name><level>2</level></item><item><name>mite</name><level>2</level></item><item><name>bane</name><level>2</level></item><item><name>dint</name><level>2</level></item><item><name>rapt</name><level>2</level></item><item><name>welt</name><level>2</level></item><item><name>dote</name><level>2</level></item><item><name>pert</name><level>2</level></item><item><name>aria</name><level>2</level></item><item><name>abet</name><level>2</level></item><item><name>glib</name><level>2</level></item><item><name>ruse</name><level>2</level></item><item><name>hale</name><level>2</level></item><item><name>whet</name><level>2</level></item><item><name>flay</name><level>2</level></item><item><name>quip</name><level>2</level></item><item><name>gist</name><level>2</level></item><item><name>gibe</name><level>2</level></item><item><name>dais</name><level>2</level></item><item><name>maul</name><level>2</level></item><item><name>moot</name><level>2</level></item><item><name>mote</name><level>2</level></item><item><name>abut</name><level>2</level></item><item><name>lout</name><level>2</level></item><item><name>rile</name><level>2</level></item><item><name>gawk</name><level>2</level></item><item><name>peon</name><level>2</level></item><item><name>lode</name><level>2</level></item><item><name>acme</name><level>2</level></item><item><name>jibe</name><level>2</level></item><item><name>tyro</name><level>2</level></item><item><name>roil</name><level>2</level></item>
  
  	<!-- level 3 -->
	<item><name>issue</name><level>3</level></item><item><name>utter</name><level>3</level></item><item><name>stock</name><level>3</level></item><item><name>fancy</name><level>3</level></item><item><name>court</name><level>3</level></item><item><name>coast</name><level>3</level></item><item><name>level</name><level>3</level></item><item><name>range</name><level>3</level></item><item><name>labor</name><level>3</level></item><item><name>grant</name><level>3</level></item><item><name>dwell</name><level>3</level></item><item><name>yield</name><level>3</level></item><item><name>skill</name><level>3</level></item><item><name>harry</name><level>3</level></item><item><name>novel</name><level>3</level></item><item><name>merit</name><level>3</level></item><item><name>scale</name><level>3</level></item><item><name>plead</name><level>3</level></item><item><name>weigh</name><level>3</level></item><item><name>exert</name><level>3</level></item><item><name>stake</name><level>3</level></item><item><name>boast</name><level>3</level></item><item><name>lofty</name><level>3</level></item><item><name>steep</name><level>3</level></item><item><name>tread</name><level>3</level></item><item><name>rider</name><level>3</level></item><item><name>dense</name><level>3</level></item><item><name>pious</name><level>3</level></item><item><name>purse</name><level>3</level></item><item><name>exalt</name><level>3</level></item><item><name>siege</name><level>3</level></item><item><name>endow</name><level>3</level></item><item><name>ensue</name><level>3</level></item><item><name>brook</name><level>3</level></item><item><name>cower</name><level>3</level></item>
	
	<!-- level 4 -->
	<item><name>tract</name><level>4</level></item><item><name>canon</name><level>4</level></item><item><name>impel</name><level>4</level></item><item><name>grove</name><level>4</level></item><item><name>stump</name><level>4</level></item><item><name>elude</name><level>4</level></item><item><name>usurp</name><level>4</level></item><item><name>odium</name><level>4</level></item><item><name>bland</name><level>4</level></item><item><name>gaunt</name><level>4</level></item><item><name>loath</name><level>4</level></item><item><name>tarry</name><level>4</level></item><item><name>edict</name><level>4</level></item><item><name>horde</name><level>4</level></item><item><name>maxim</name><level>4</level></item><item><name>dingy</name><level>4</level></item><item><name>staid</name><level>4</level></item><item><name>quail</name><level>4</level></item><item><name>stint</name><level>4</level></item><item><name>deign</name><level>4</level></item><item><name>chaff</name><level>4</level></item><item><name>plumb</name><level>4</level></item><item><name>chide</name><level>4</level></item><item><name>allay</name><level>4</level></item><item><name>erode</name><level>4</level></item><item><name>canto</name><level>4</level></item><item><name>parry</name><level>4</level></item><item><name>ravel</name><level>4</level></item><item><name>surly</name><level>4</level></item><item><name>waive</name><level>4</level></item><item><name>pique</name><level>4</level></item><item><name>extol</name><level>4</level></item><item><name>knoll</name><level>4</level></item><item><name>onset</name><level>4</level></item><item><name>axiom</name><level>4</level></item>

	<!-- level 5 -->
	<item><name>hoary</name><level>5</level></item><item><name>troth</name><level>5</level></item><item><name>belie</name><level>5</level></item><item><name>knack</name><level>5</level></item><item><name>brawn</name><level>5</level></item><item><name>sully</name><level>5</level></item><item><name>wreak</name><level>5</level></item><item><name>proxy</name><level>5</level></item><item><name>endue</name><level>5</level></item><item><name>gripe</name><level>5</level></item><item><name>abase</name><level>5</level></item><item><name>dregs</name><level>5</level></item><item><name>assay</name><level>5</level></item><item><name>passe</name><level>5</level></item><item><name>delve</name><level>5</level></item><item><name>prude</name><level>5</level></item><item><name>gusto</name><level>5</level></item><item><name>flail</name><level>5</level></item><item><name>bandy</name><level>5</level></item><item><name>cabal</name><level>5</level></item><item><name>quaff</name><level>5</level></item><item><name>adage</name><level>5</level></item><item><name>trite</name><level>5</level></item><item><name>flair</name><level>5</level></item><item><name>gruel</name><level>5</level></item><item><name>cameo</name><level>5</level></item><item><name>gouge</name><level>5</level></item><item><name>banal</name><level>5</level></item><item><name>cozen</name><level>5</level></item><item><name>gusty</name><level>5</level></item><item><name>natty</name><level>5</level></item><item><name>buxom</name><level>5</level></item><item><name>crone</name><level>5</level></item><item><name>pithy</name><level>5</level></item><item><name>filch</name><level>5</level></item><item><name>emend</name><level>5</level></item><item><name>vapid</name><level>5</level></item><item><name>spate</name><level>5</level></item><item><name>chary</name><level>5</level></item><item><name>credo</name><level>5</level></item><item><name>rebus</name><level>5</level></item><item><name>whorl</name><level>5</level></item><item><name>foist</name><level>5</level></item><item><name>nexus</name><level>5</level></item><item><name>preen</name><level>5</level></item>

	<!-- level 6 -->
	<item><name>Morbid</name><level>6</level></item><item><name>minute</name><level>6</level></item><item><name>accord</name><level>6</level></item><item><name>intend</name><level>6</level></item><item><name>commit</name><level>6</level></item><item><name>engage</name><level>6</level></item><item><name>obtain</name><level>6</level></item><item><name>scarce</name><level>6</level></item><item><name>policy</name><level>6</level></item><item><name>affect</name><level>6</level></item><item><name>render</name><level>6</level></item><item><name>appeal</name><level>6</level></item><item><name>theory</name><level>6</level></item><item><name>league</name><level>6</level></item><item><name>confer</name><level>6</level></item><item><name>wander</name><level>6</level></item><item><name>insist</name><level>6</level></item><item><name>knight</name><level>6</level></item><item><name>compel</name><level>6</level></item><item><name>temper</name><level>6</level></item><item><name>assert</name><level>6</level></item><item><name>humble</name><level>6</level></item><item><name>scheme</name><level>6</level></item><item><name>notion</name><level>6</level></item><item><name>formal</name><level>6</level></item><item><name>perish</name><level>6</level></item><item><name>bestow</name><level>6</level></item><item><name>allege</name><level>6</level></item><item><name>modest</name><level>6</level></item><item><name>esteem</name><level>6</level></item><item><name>decree</name><level>6</level></item><item><name>facile</name><level>6</level></item><item><name>ordain</name><level>6</level></item><item><name>retort</name><level>6</level></item><item><name>assent</name><level>6</level></item><item><name>malice</name><level>6</level></item><item><name>throng</name><level>6</level></item><item><name>assail</name><level>6</level></item><item><name>kindle</name><level>6</level></item><item><name>satire</name><level>6</level></item><item><name>vacate</name><level>6</level></item><item><name>device</name><level>6</level></item><item><name>impart</name><level>6</level></item><item><name>fathom</name><level>6</level></item><item><name>rebuke</name><level>6</level></item>

	<!-- level 7 -->
	<item><name>ratify</name><level>7</level></item><item><name>ripple</name><level>7</level></item><item><name>muster</name><level>7</level></item><item><name>accede</name><level>7</level></item><item><name>cohere</name><level>7</level></item><item><name>foster</name><level>7</level></item><item><name>repeal</name><level>7</level></item><item><name>depose</name><level>7</level></item><item><name>wanton</name><level>7</level></item><item><name>candid</name><level>7</level></item><item><name>morbid</name><level>7</level></item><item><name>pacify</name><level>7</level></item><item><name>dogged</name><level>7</level></item><item><name>extort</name><level>7</level></item><item><name>enjoin</name><level>7</level></item><item><name>cleave</name><level>7</level></item><item><name>append</name><level>7</level></item><item><name>visage</name><level>7</level></item><item><name>gentry</name><level>7</level></item><item><name>enigma</name><level>7</level></item><item><name>vassal</name><level>7</level></item><item><name>swerve</name><level>7</level></item><item><name>advert</name><level>7</level></item><item><name>deduce</name><level>7</level></item><item><name>pallid</name><level>7</level></item><item><name>repast</name><level>7</level></item><item><name>fresco</name><level>7</level></item><item><name>parity</name><level>7</level></item><item><name>innate</name><level>7</level></item><item><name>craven</name><level>7</level></item><item><name>seemly</name><level>7</level></item><item><name>fitful</name><level>7</level></item><item><name>docile</name><level>7</level></item><item><name>warble</name><level>7</level></item><item><name>infest</name><level>7</level></item><item><name>seethe</name><level>7</level></item><item><name>banter</name><level>7</level></item><item><name>debase</name><level>7</level></item><item><name>august</name><level>7</level></item><item><name>nettle</name><level>7</level></item><item><name>blanch</name><level>7</level></item><item><name>thrall</name><level>7</level></item><item><name>zenith</name><level>7</level></item><item><name>yeoman</name><level>7</level></item><item><name>levity</name><level>7</level></item>

	<!-- level 8 -->
	<item><name>sultry</name><level>8</level></item><item><name>pinion</name><level>8</level></item><item><name>descry</name><level>8</level></item><item><name>imbibe</name><level>8</level></item><item><name>maraud</name><level>8</level></item><item><name>caucus</name><level>8</level></item><item><name>excise</name><level>8</level></item><item><name>armada</name><level>8</level></item><item><name>succor</name><level>8</level></item><item><name>brooch</name><level>8</level></item><item><name>pucker</name><level>8</level></item><item><name>nicety</name><level>8</level></item><item><name>urbane</name><level>8</level></item><item><name>defray</name><level>8</level></item><item><name>dictum</name><level>8</level></item><item><name>cajole</name><level>8</level></item><item><name>hurtle</name><level>8</level></item><item><name>mettle</name><level>8</level></item><item><name>obtuse</name><level>8</level></item><item><name>vagary</name><level>8</level></item><item><name>grovel</name><level>8</level></item><item><name>pundit</name><level>8</level></item><item><name>alcove</name><level>8</level></item><item><name>abjure</name><level>8</level></item><item><name>frieze</name><level>8</level></item><item><name>ornate</name><level>8</level></item><item><name>podium</name><level>8</level></item><item><name>dearth</name><level>8</level></item><item><name>diadem</name><level>8</level></item><item><name>fallow</name><level>8</level></item><item><name>hubbub</name><level>8</level></item><item><name>lancet</name><level>8</level></item><item><name>rankle</name><level>8</level></item><item><name>ramify</name><level>8</level></item><item><name>polity</name><level>8</level></item><item><name>repine</name><level>8</level></item><item><name>larder</name><level>8</level></item><item><name>grisly</name><level>8</level></item><item><name>stanch</name><level>8</level></item><item><name>glower</name><level>8</level></item><item><name>purvey</name><level>8</level></item><item><name>homily</name><level>8</level></item><item><name>haggle</name><level>8</level></item><item><name>waylay</name><level>8</level></item><item><name>savant</name><level>8</level></item>

	<!-- level 9 -->
	<item><name>cohort</name><level>9</level></item><item><name>adjure</name><level>9</level></item><item><name>turbid</name><level>9</level></item><item><name>eschew</name><level>9</level></item><item><name>rancor</name><level>9</level></item><item><name>gratis</name><level>9</level></item><item><name>upshot</name><level>9</level></item><item><name>tawdry</name><level>9</level></item><item><name>cogent</name><level>9</level></item><item><name>errant</name><level>9</level></item><item><name>sluice</name><level>9</level></item><item><name>dapper</name><level>9</level></item><item><name>augury</name><level>9</level></item><item><name>pilfer</name><level>9</level></item><item><name>fiasco</name><level>9</level></item><item><name>inured</name><level>9</level></item><item><name>dormer</name><level>9</level></item><item><name>heyday</name><level>9</level></item><item><name>simper</name><level>9</level></item><item><name>garish</name><level>9</level></item><item><name>vilify</name><level>9</level></item><item><name>nuance</name><level>9</level></item><item><name>emboss</name><level>9</level></item><item><name>careen</name><level>9</level></item><item><name>bauble</name><level>9</level></item><item><name>wraith</name><level>9</level></item><item><name>waffle</name><level>9</level></item><item><name>venial</name><level>9</level></item><item><name>enamor</name><level>9</level></item><item><name>indite</name><level>9</level></item><item><name>emetic</name><level>9</level></item><item><name>junket</name><level>9</level></item><item><name>immure</name><level>9</level></item><item><name>pummel</name><level>9</level></item><item><name>effete</name><level>9</level></item><item><name>jocund</name><level>9</level></item><item><name>rakish</name><level>9</level></item><item><name>viscid</name><level>9</level></item><item><name>rubric</name><level>9</level></item><item><name>fracas</name><level>9</level></item><item><name>zealot</name><level>9</level></item><item><name>zephyr</name><level>9</level></item><item><name>dotage</name><level>9</level></item><item><name>garble</name><level>9</level></item><item><name>animus</name><level>9</level></item><item><name>bemuse</name><level>9</level></item><item><name>rococo</name><level>9</level></item><item><name>tureen</name><level>9</level></item><item><name>turgid</name><level>9</level></item><item><name>gadfly</name><level>9</level></item><item><name>dulcet</name><level>9</level></item>

	<!-- level 10 -->
	<item><name>empathy</name><level>10</level></item><item><name>endemic</name><level>10</level></item><item><name>Healthy</name><level>10</level></item><item><name>premier</name><level>10</level></item><item><name>sensual</name><level>10</level></item><item><name>evident</name><level>10</level></item><item><name>concern</name><level>10</level></item><item><name>conduct</name><level>10</level></item><item><name>concept</name><level>10</level></item><item><name>appoint</name><level>10</level></item><item><name>passage</name><level>10</level></item><item><name>project</name><level>10</level></item><item><name>earnest</name><level>10</level></item><item><name>inspire</name><level>10</level></item><item><name>reflect</name><level>10</level></item><item><name>furnish</name><level>10</level></item><item><name>venture</name><level>10</level></item><item><name>chamber</name><level>10</level></item><item><name>liberal</name><level>10</level></item><item><name>despair</name><level>10</level></item><item><name>justify</name><level>10</level></item><item><name>persist</name><level>10</level></item><item><name>oppress</name><level>10</level></item><item><name>contend</name><level>10</level></item><item><name>partial</name><level>10</level></item><item><name>provoke</name><level>10</level></item><item><name>derived</name><level>10</level></item><item><name>warrant</name><level>10</level></item><item><name>afflict</name><level>10</level></item><item><name>gravity</name><level>10</level></item><item><name>sublime</name><level>10</level></item><item><name>exploit</name><level>10</level></item><item><name>imposed</name><level>10</level></item><item><name>forsake</name><level>10</level></item><item><name>beseech</name><level>10</level></item><item><name>entreat</name><level>10</level></item><item><name>faction</name><level>10</level></item><item><name>besiege</name><level>10</level></item><item><name>wistful</name><level>10</level></item><item><name>mortify</name><level>10</level></item>

	<!-- level 11 -->
	<item><name>premise</name><level>11</level></item><item><name>subside</name><level>11</level></item><item><name>adverse</name><level>11</level></item><item><name>caprice</name><level>11</level></item><item><name>fervent</name><level>11</level></item><item><name>austere</name><level>11</level></item><item><name>stratum</name><level>11</level></item><item><name>conjure</name><level>11</level></item><item><name>ominous</name><level>11</level></item><item><name>edifice</name><level>11</level></item><item><name>pervade</name><level>11</level></item><item><name>precept</name><level>11</level></item><item><name>nominal</name><level>11</level></item><item><name>languid</name><level>11</level></item><item><name>ranging</name><level>11</level></item><item><name>appease</name><level>11</level></item><item><name>conceit</name><level>11</level></item><item><name>rampart</name><level>11</level></item><item><name>decorum</name><level>11</level></item><item><name>avarice</name><level>11</level></item><item><name>parable</name><level>11</level></item><item><name>grapple</name><level>11</level></item><item><name>prowess</name><level>11</level></item><item><name>asunder</name><level>11</level></item><item><name>beguile</name><level>11</level></item><item><name>purport</name><level>11</level></item><item><name>deprave</name><level>11</level></item><item><name>bulwark</name><level>11</level></item><item><name>halting</name><level>11</level></item><item><name>chagrin</name><level>11</level></item><item><name>obtrude</name><level>11</level></item><item><name>dutiful</name><level>11</level></item><item><name>affable</name><level>11</level></item><item><name>pillage</name><level>11</level></item><item><name>reverie</name><level>11</level></item><item><name>wrangle</name><level>11</level></item><item><name>crevice</name><level>11</level></item><item><name>vestige</name><level>11</level></item><item><name>espouse</name><level>11</level></item><item><name>raiment</name><level>11</level></item>

	<!-- level 12 -->
	<item><name>actuate</name><level>12</level></item><item><name>devolve</name><level>12</level></item><item><name>uncouth</name><level>12</level></item><item><name>expiate</name><level>12</level></item><item><name>bluster</name><level>12</level></item><item><name>fraught</name><level>12</level></item><item><name>fissure</name><level>12</level></item><item><name>callous</name><level>12</level></item><item><name>impetus</name><level>12</level></item><item><name>voluble</name><level>12</level></item><item><name>retinue</name><level>12</level></item><item><name>salient</name><level>12</level></item><item><name>betoken</name><level>12</level></item><item><name>upbraid</name><level>12</level></item><item><name>divulge</name><level>12</level></item><item><name>burnish</name><level>12</level></item><item><name>despoil</name><level>12</level></item><item><name>irksome</name><level>12</level></item><item><name>prattle</name><level>12</level></item><item><name>tenable</name><level>12</level></item><item><name>distend</name><level>12</level></item><item><name>spangle</name><level>12</level></item><item><name>obviate</name><level>12</level></item><item><name>meander</name><level>12</level></item><item><name>bullion</name><level>12</level></item><item><name>granary</name><level>12</level></item><item><name>askance</name><level>12</level></item><item><name>gainsay</name><level>12</level></item><item><name>whittle</name><level>12</level></item><item><name>blatant</name><level>12</level></item><item><name>revelry</name><level>12</level></item><item><name>polemic</name><level>12</level></item><item><name>mundane</name><level>12</level></item><item><name>fatuous</name><level>12</level></item><item><name>baleful</name><level>12</level></item><item><name>willful</name><level>12</level></item><item><name>wheedle</name><level>12</level></item><item><name>carrion</name><level>12</level></item><item><name>impiety</name><level>12</level></item><item><name>unction</name><level>12</level></item>

	<!-- level 13 -->
	<item><name>clarion</name><level>13</level></item><item><name>sinuous</name><level>13</level></item><item><name>embroil</name><level>13</level></item><item><name>vitiate</name><level>13</level></item><item><name>apropos</name><level>13</level></item><item><name>squalor</name><level>13</level></item><item><name>congeal</name><level>13</level></item><item><name>eugenic</name><level>13</level></item><item><name>equable</name><level>13</level></item><item><name>disport</name><level>13</level></item><item><name>enclave</name><level>13</level></item><item><name>placate</name><level>13</level></item><item><name>burgeon</name><level>13</level></item><item><name>bilious</name><level>13</level></item><item><name>mincing</name><level>13</level></item><item><name>debacle</name><level>13</level></item><item><name>crabbed</name><level>13</level></item><item><name>cryptic</name><level>13</level></item><item><name>fawning</name><level>13</level></item><item><name>hummock</name><level>13</level></item><item><name>comport</name><level>13</level></item><item><name>laggard</name><level>13</level></item><item><name>fanfare</name><level>13</level></item><item><name>miserly</name><level>13</level></item><item><name>nonplus</name><level>13</level></item><item><name>genesis</name><level>13</level></item><item><name>mordant</name><level>13</level></item><item><name>suavity</name><level>13</level></item><item><name>nostrum</name><level>13</level></item><item><name>elysian</name><level>13</level></item><item><name>manumit</name><level>13</level></item><item><name>roseate</name><level>13</level></item><item><name>obloquy</name><level>13</level></item><item><name>striate</name><level>13</level></item><item><name>abysmal</name><level>13</level></item><item><name>stilted</name><level>13</level></item><item><name>endemic</name><level>13</level></item><item><name>sleight</name><level>13</level></item><item><name>wizened</name><level>13</level></item><item><name>modicum</name><level>13</level></item><item><name>cognate</name><level>13</level></item><item><name>bucolic</name><level>13</level></item><item><name>sherbet</name><level>13</level></item><item><name>gestate</name><level>13</level></item><item><name>traduce</name><level>13</level></item><item><name>sextant</name><level>13</level></item><item><name>codicil</name><level>13</level></item><item><name>euphony</name><level>13</level></item><item><name>viscous</name><level>13</level></item><item><name>vintner</name><level>13</level></item><item><name>halcyon</name><level>13</level></item><item><name>malaise</name><level>13</level></item><item><name>atavism</name><level>13</level></item><item><name>reprise</name><level>13</level></item><item><name>anodyne</name><level>13</level></item><item><name>bemused</name><level>13</level></item>

	<!-- level 14 -->
	<item><name>appraise</name><level>14</level></item><item><name>economic</name><level>14</level></item><item><name>Sympathy</name><level>14</level></item><item><name>epidemic</name><level>14</level></item><item><name>jealousy</name><level>14</level></item><item><name>epigraph</name><level>14</level></item><item><name>Exercise</name><level>14</level></item><item><name>exorcise</name><level>14</level></item><item><name>historic</name><level>14</level></item><item><name>laudable</name><level>14</level></item><item><name>nauseous</name><level>14</level></item><item><name>Moribund</name><level>14</level></item><item><name>Personal</name><level>14</level></item><item><name>premiere</name><level>14</level></item><item><name>prophesy</name><level>14</level></item><item><name>prophecy</name><level>14</level></item><item><name>Prostate</name><level>14</level></item><item><name>sensuous</name><level>14</level></item><item><name>tortuous</name><level>14</level></item><item><name>consider</name><level>14</level></item><item><name>practice</name><level>14</level></item><item><name>approach</name><level>14</level></item><item><name>straight</name><level>14</level></item><item><name>apparent</name><level>14</level></item><item><name>property</name><level>14</level></item><item><name>instance</name><level>14</level></item><item><name>constant</name><level>14</level></item><item><name>generate</name><level>14</level></item><item><name>campaign</name><level>14</level></item><item><name>contract</name><level>14</level></item><item><name>convince</name><level>14</level></item><item><name>intimate</name><level>14</level></item><item><name>majority</name><level>14</level></item><item><name>attitude</name><level>14</level></item><item><name>manifest</name><level>14</level></item><item><name>resource</name><level>14</level></item><item><name>contempt</name><level>14</level></item><item><name>inclined</name><level>14</level></item><item><name>cardinal</name><level>14</level></item><item><name>advocate</name><level>14</level></item>

	<!-- level 15 -->
	<item><name>credible</name><level>15</level></item><item><name>contrive</name><level>15</level></item><item><name>frontier</name><level>15</level></item><item><name>flourish</name><level>15</level></item><item><name>sanction</name><level>15</level></item><item><name>venerate</name><level>15</level></item><item><name>exertion</name><level>15</level></item><item><name>suffrage</name><level>15</level></item><item><name>intrigue</name><level>15</level></item><item><name>dispatch</name><level>15</level></item><item><name>latitude</name><level>15</level></item><item><name>delicacy</name><level>15</level></item><item><name>proceeds</name><level>15</level></item><item><name>partisan</name><level>15</level></item><item><name>rhetoric</name><level>15</level></item><item><name>discreet</name><level>15</level></item><item><name>imposing</name><level>15</level></item><item><name>tribunal</name><level>15</level></item><item><name>admonish</name><level>15</level></item><item><name>retiring</name><level>15</level></item><item><name>sentinel</name><level>15</level></item><item><name>enduring</name><level>15</level></item><item><name>monetary</name><level>15</level></item><item><name>headlong</name><level>15</level></item><item><name>pastoral</name><level>15</level></item><item><name>recourse</name><level>15</level></item><item><name>aversion</name><level>15</level></item><item><name>symmetry</name><level>15</level></item><item><name>chastise</name><level>15</level></item><item><name>bequeath</name><level>15</level></item><item><name>rudiment</name><level>15</level></item><item><name>ignominy</name><level>15</level></item><item><name>ideology</name><level>15</level></item><item><name>construe</name><level>15</level></item><item><name>reticent</name><level>15</level></item><item><name>intrepid</name><level>15</level></item><item><name>estrange</name><level>15</level></item><item><name>alacrity</name><level>15</level></item><item><name>unwonted</name><level>15</level></item><item><name>execrate</name><level>15</level></item>

	<!-- level 16 -->
	<item><name>encumber</name><level>16</level></item><item><name>petulant</name><level>16</level></item><item><name>cavalier</name><level>16</level></item><item><name>retainer</name><level>16</level></item><item><name>exigency</name><level>16</level></item><item><name>auspices</name><level>16</level></item><item><name>sonorous</name><level>16</level></item><item><name>amicable</name><level>16</level></item><item><name>grudging</name><level>16</level></item><item><name>permeate</name><level>16</level></item><item><name>renegade</name><level>16</level></item><item><name>pedantic</name><level>16</level></item><item><name>unseemly</name><level>16</level></item><item><name>flotilla</name><level>16</level></item><item><name>blighted</name><level>16</level></item><item><name>aggrieve</name><level>16</level></item><item><name>vestment</name><level>16</level></item><item><name>spectral</name><level>16</level></item><item><name>scabbard</name><level>16</level></item><item><name>specious</name><level>16</level></item><item><name>palliate</name><level>16</level></item><item><name>obdurate</name><level>16</level></item><item><name>conjugal</name><level>16</level></item><item><name>credence</name><level>16</level></item><item><name>untoward</name><level>16</level></item><item><name>virtuoso</name><level>16</level></item><item><name>luminary</name><level>16</level></item><item><name>amenable</name><level>16</level></item><item><name>automate</name><level>16</level></item><item><name>enervate</name><level>16</level></item><item><name>bouillon</name><level>16</level></item><item><name>apostate</name><level>16</level></item><item><name>ungainly</name><level>16</level></item><item><name>acrimony</name><level>16</level></item><item><name>cupidity</name><level>16</level></item><item><name>didactic</name><level>16</level></item><item><name>puissant</name><level>16</level></item><item><name>homespun</name><level>16</level></item><item><name>resonant</name><level>16</level></item><item><name>libretto</name><level>16</level></item>

	<!-- level 17 -->
	<item><name>aphorism</name><level>17</level></item><item><name>hireling</name><level>17</level></item><item><name>ensconce</name><level>17</level></item><item><name>incisive</name><level>17</level></item><item><name>sedulous</name><level>17</level></item><item><name>derelict</name><level>17</level></item><item><name>asperity</name><level>17</level></item><item><name>inimical</name><level>17</level></item><item><name>oratorio</name><level>17</level></item><item><name>emblazon</name><level>17</level></item><item><name>retrench</name><level>17</level></item><item><name>ulterior</name><level>17</level></item><item><name>abeyance</name><level>17</level></item><item><name>redolent</name><level>17</level></item><item><name>pacifist</name><level>17</level></item><item><name>sentient</name><level>17</level></item><item><name>aquiline</name><level>17</level></item><item><name>palatial</name><level>17</level></item><item><name>penchant</name><level>17</level></item><item><name>ambrosia</name><level>17</level></item><item><name>factious</name><level>17</level></item><item><name>disgorge</name><level>17</level></item><item><name>quagmire</name><level>17</level></item><item><name>mannered</name><level>17</level></item><item><name>sinecure</name><level>17</level></item><item><name>tutelage</name><level>17</level></item><item><name>testator</name><level>17</level></item><item><name>sybarite</name><level>17</level></item><item><name>hoodwink</name><level>17</level></item><item><name>arrogate</name><level>17</level></item><item><name>rarefied</name><level>17</level></item><item><name>skittish</name><level>17</level></item><item><name>doggerel</name><level>17</level></item><item><name>madrigal</name><level>17</level></item><item><name>moribund</name><level>17</level></item><item><name>captious</name><level>17</level></item><item><name>forebear</name><level>17</level></item><item><name>choleric</name><level>17</level></item><item><name>largesse</name><level>17</level></item><item><name>badinage</name><level>17</level></item><item><name>beatific</name><level>17</level></item><item><name>coiffure</name><level>17</level></item><item><name>fructify</name><level>17</level></item><item><name>nihilist</name><level>17</level></item><item><name>ellipsis</name><level>17</level></item><item><name>accolade</name><level>17</level></item><item><name>stultify</name><level>17</level></item><item><name>pellucid</name><level>17</level></item><item><name>exegesis</name><level>17</level></item><item><name>apposite</name><level>17</level></item>

	<!-- level 18 -->
	<item><name>Abhorrent</name><level>18</level></item><item><name>Aggravate</name><level>18</level></item><item><name>ambiguous</name><level>18</level></item><item><name>alternate</name><level>18</level></item><item><name>conscious</name><level>18</level></item><item><name>dissemble</name><level>18</level></item><item><name>etymology</name><level>18</level></item><item><name>specially</name><level>18</level></item><item><name>literally</name><level>18</level></item><item><name>formative</name><level>18</level></item><item><name>Fortunate</name><level>18</level></item><item><name>Healthful</name><level>18</level></item><item><name>describes</name><level>18</level></item><item><name>homograph</name><level>18</level></item><item><name>Ingenuous</name><level>18</level></item><item><name>ingenious</name><level>18</level></item><item><name>insidious</name><level>18</level></item><item><name>invidious</name><level>18</level></item><item><name>laudatory</name><level>18</level></item><item><name>luxuriant</name><level>18</level></item><item><name>nauseated</name><level>18</level></item><item><name>perimeter</name><level>18</level></item><item><name>Parameter</name><level>18</level></item><item><name>persecute</name><level>18</level></item><item><name>prosecute</name><level>18</level></item><item><name>personnel</name><level>18</level></item><item><name>president</name><level>18</level></item><item><name>precedent</name><level>18</level></item><item><name>prostrate</name><level>18</level></item><item><name>torturous</name><level>18</level></item><item><name>Voracious</name><level>18</level></item><item><name>voracious</name><level>18</level></item><item><name>establish</name><level>18</level></item><item><name>institute</name><level>18</level></item><item><name>entertain</name><level>18</level></item><item><name>financial</name><level>18</level></item><item><name>territory</name><level>18</level></item><item><name>undertake</name><level>18</level></item><item><name>attribute</name><level>18</level></item><item><name>multitude</name><level>18</level></item>

	<!-- level 19 -->
	<item><name>ascertain</name><level>19</level></item><item><name>perpetual</name><level>19</level></item><item><name>elaborate</name><level>19</level></item><item><name>suspended</name><level>19</level></item><item><name>humiliate</name><level>19</level></item><item><name>frustrate</name><level>19</level></item><item><name>propriety</name><level>19</level></item><item><name>objective</name><level>19</level></item><item><name>contrived</name><level>19</level></item><item><name>venerable</name><level>19</level></item><item><name>insurgent</name><level>19</level></item><item><name>arbitrary</name><level>19</level></item><item><name>acquiesce</name><level>19</level></item><item><name>precision</name><level>19</level></item><item><name>deference</name><level>19</level></item><item><name>insinuate</name><level>19</level></item><item><name>suppliant</name><level>19</level></item><item><name>explicate</name><level>19</level></item><item><name>stipulate</name><level>19</level></item><item><name>luxuriant</name><level>19</level></item><item><name>arbitrate</name><level>19</level></item><item><name>veritable</name><level>19</level></item><item><name>semblance</name><level>19</level></item><item><name>fortitude</name><level>19</level></item><item><name>assiduous</name><level>19</level></item><item><name>outskirts</name><level>19</level></item><item><name>betrothed</name><level>19</level></item><item><name>audacious</name><level>19</level></item><item><name>patronize</name><level>19</level></item><item><name>patrician</name><level>19</level></item><item><name>diffident</name><level>19</level></item><item><name>subjugate</name><level>19</level></item><item><name>inculcate</name><level>19</level></item><item><name>tenacious</name><level>19</level></item><item><name>philology</name><level>19</level></item><item><name>palatable</name><level>19</level></item><item><name>palpitate</name><level>19</level></item><item><name>dissemble</name><level>19</level></item><item><name>invective</name><level>19</level></item><item><name>hermitage</name><level>19</level></item>

	<!-- level 20 -->
	<item><name>subaltern</name><level>20</level></item><item><name>immutable</name><level>20</level></item><item><name>disembark</name><level>20</level></item><item><name>trappings</name><level>20</level></item><item><name>rejoinder</name><level>20</level></item><item><name>beleaguer</name><level>20</level></item><item><name>remission</name><level>20</level></item><item><name>inclusive</name><level>20</level></item><item><name>interdict</name><level>20</level></item><item><name>unanimity</name><level>20</level></item><item><name>revulsion</name><level>20</level></item><item><name>querulous</name><level>20</level></item><item><name>incipient</name><level>20</level></item><item><name>parochial</name><level>20</level></item><item><name>mendicant</name><level>20</level></item><item><name>makeshift</name><level>20</level></item><item><name>husbandry</name><level>20</level></item><item><name>imposture</name><level>20</level></item><item><name>harrowing</name><level>20</level></item><item><name>indemnify</name><level>20</level></item><item><name>declivity</name><level>20</level></item><item><name>platitude</name><level>20</level></item><item><name>extenuate</name><level>20</level></item><item><name>enrapture</name><level>20</level></item><item><name>postulate</name><level>20</level></item><item><name>dyspeptic</name><level>20</level></item><item><name>emolument</name><level>20</level></item><item><name>decadence</name><level>20</level></item><item><name>avocation</name><level>20</level></item><item><name>syllogism</name><level>20</level></item><item><name>collation</name><level>20</level></item><item><name>expatiate</name><level>20</level></item><item><name>corpulent</name><level>20</level></item><item><name>benighted</name><level>20</level></item><item><name>adulation</name><level>20</level></item><item><name>libertine</name><level>20</level></item><item><name>egregious</name><level>20</level></item><item><name>execrable</name><level>20</level></item><item><name>gentility</name><level>20</level></item><item><name>inclement</name><level>20</level></item>

	<!-- level 21 -->
	<item><name>scintilla</name><level>21</level></item><item><name>stricture</name><level>21</level></item><item><name>sublimate</name><level>21</level></item><item><name>lineament</name><level>21</level></item><item><name>firebrand</name><level>21</level></item><item><name>foolhardy</name><level>21</level></item><item><name>invidious</name><level>21</level></item><item><name>apologist</name><level>21</level></item><item><name>herculean</name><level>21</level></item><item><name>erstwhile</name><level>21</level></item><item><name>refectory</name><level>21</level></item><item><name>trenchant</name><level>21</level></item><item><name>sycophant</name><level>21</level></item><item><name>archetype</name><level>21</level></item><item><name>checkered</name><level>21</level></item><item><name>ingrained</name><level>21</level></item><item><name>squeamish</name><level>21</level></item><item><name>mercurial</name><level>21</level></item><item><name>hackneyed</name><level>21</level></item><item><name>pedagogue</name><level>21</level></item><item><name>masticate</name><level>21</level></item><item><name>temporize</name><level>21</level></item><item><name>fulminate</name><level>21</level></item><item><name>fractious</name><level>21</level></item><item><name>impolitic</name><level>21</level></item><item><name>aspersion</name><level>21</level></item><item><name>poignancy</name><level>21</level></item><item><name>provender</name><level>21</level></item><item><name>nonentity</name><level>21</level></item><item><name>plenitude</name><level>21</level></item><item><name>saturnine</name><level>21</level></item><item><name>recondite</name><level>21</level></item><item><name>retentive</name><level>21</level></item><item><name>insensate</name><level>21</level></item><item><name>microcosm</name><level>21</level></item><item><name>malleable</name><level>21</level></item><item><name>veracious</name><level>21</level></item><item><name>pendulous</name><level>21</level></item><item><name>effluvium</name><level>21</level></item><item><name>polemical</name><level>21</level></item><item><name>contusion</name><level>21</level></item>

	<!-- level 22 -->
	<item><name>reciprocal</name><level>22</level></item><item><name>dictionary</name><level>22</level></item><item><name>ambivalent</name><level>22</level></item><item><name>concurrent</name><level>22</level></item><item><name>conscience</name><level>22</level></item><item><name>Discomfort</name><level>22</level></item><item><name>economical</name><level>22</level></item><item><name>Entomology</name><level>22</level></item><item><name>especially</name><level>22</level></item><item><name>Formidable</name><level>22</level></item><item><name>fortuitous</name><level>22</level></item><item><name>historical</name><level>22</level></item><item><name>incredible</name><level>22</level></item><item><name>principals</name><level>22</level></item><item><name>principles</name><level>22</level></item><item><name>simplistic</name><level>22</level></item><item><name>stationary</name><level>22</level></item><item><name>stationery</name><level>22</level></item><item><name>commission</name><level>22</level></item><item><name>constitute</name><level>22</level></item><item><name>convention</name><level>22</level></item><item><name>proceeding</name><level>22</level></item><item><name>indication</name><level>22</level></item><item><name>consecrate</name><level>22</level></item><item><name>restrained</name><level>22</level></item><item><name>scrupulous</name><level>22</level></item><item><name>recovering</name><level>22</level></item><item><name>exasperate</name><level>22</level></item><item><name>incidental</name><level>22</level></item><item><name>infallible</name><level>22</level></item>

	<!-- level 23 -->
	<item><name>perpetrate</name><level>23</level></item><item><name>disconcert</name><level>23</level></item><item><name>capitulate</name><level>23</level></item><item><name>projection</name><level>23</level></item><item><name>peremptory</name><level>23</level></item><item><name>foreboding</name><level>23</level></item><item><name>livelihood</name><level>23</level></item><item><name>capricious</name><level>23</level></item><item><name>stupendous</name><level>23</level></item><item><name>ostensible</name><level>23</level></item><item><name>propensity</name><level>23</level></item><item><name>unaffected</name><level>23</level></item><item><name>convalesce</name><level>23</level></item><item><name>demoralize</name><level>23</level></item><item><name>scrutinize</name><level>23</level></item><item><name>implacable</name><level>23</level></item><item><name>imposition</name><level>23</level></item><item><name>partiality</name><level>23</level></item><item><name>propitious</name><level>23</level></item><item><name>propitiate</name><level>23</level></item><item><name>irresolute</name><level>23</level></item><item><name>accentuate</name><level>23</level></item><item><name>malevolent</name><level>23</level></item><item><name>inimitable</name><level>23</level></item><item><name>amalgamate</name><level>23</level></item><item><name>munificent</name><level>23</level></item><item><name>adulterate</name><level>23</level></item><item><name>exorbitant</name><level>23</level></item><item><name>invocation</name><level>23</level></item><item><name>refractory</name><level>23</level></item>

	<!-- level 24 -->
	<item><name>ascendancy</name><level>24</level></item><item><name>diffidence</name><level>24</level></item><item><name>ingratiate</name><level>24</level></item><item><name>threadbare</name><level>24</level></item><item><name>perfidious</name><level>24</level></item><item><name>vociferous</name><level>24</level></item><item><name>omniscient</name><level>24</level></item><item><name>circumvent</name><level>24</level></item><item><name>unassuming</name><level>24</level></item><item><name>entomology</name><level>24</level></item><item><name>evanescent</name><level>24</level></item><item><name>confluence</name><level>24</level></item><item><name>malcontent</name><level>24</level></item><item><name>phlegmatic</name><level>24</level></item><item><name>pontifical</name><level>24</level></item><item><name>felicitous</name><level>24</level></item><item><name>iniquitous</name><level>24</level></item><item><name>mountebank</name><level>24</level></item><item><name>apotheosis</name><level>24</level></item><item><name>loquacious</name><level>24</level></item><item><name>effulgence</name><level>24</level></item><item><name>dilettante</name><level>24</level></item><item><name>proclivity</name><level>24</level></item><item><name>smattering</name><level>24</level></item><item><name>stentorian</name><level>24</level></item><item><name>astringent</name><level>24</level></item><item><name>procedural</name><level>24</level></item><item><name>peroration</name><level>24</level></item><item><name>abstemious</name><level>24</level></item><item><name>iconoclast</name><level>24</level></item><item><name>discursive</name><level>24</level></item><item><name>cadaverous</name><level>24</level></item><item><name>denouement</name><level>24</level></item><item><name>factitious</name><level>24</level></item><item><name>apocryphal</name><level>24</level></item>

	<!-- level 25 -->
	<item><name>alternative</name><level>25</level></item><item><name>consecutive</name><level>25</level></item><item><name>Disassemble</name><level>25</level></item><item><name>disillusion</name><level>25</level></item><item><name>Dissolution</name><level>25</level></item><item><name>Incredulous</name><level>25</level></item><item><name>Inflammable</name><level>25</level></item><item><name>predominant</name><level>25</level></item><item><name>predominate</name><level>25</level></item><item><name>Regrettably</name><level>25</level></item><item><name>Regretfully</name><level>25</level></item><item><name>distinction</name><level>25</level></item><item><name>disposition</name><level>25</level></item><item><name>substantial</name><level>25</level></item><item><name>conspicuous</name><level>25</level></item><item><name>extravagant</name><level>25</level></item><item><name>undertaking</name><level>25</level></item><item><name>predecessor</name><level>25</level></item><item><name>illustrious</name><level>25</level></item><item><name>impertinent</name><level>25</level></item><item><name>constrained</name><level>25</level></item><item><name>prospective</name><level>25</level></item><item><name>inscrutable</name><level>25</level></item><item><name>ignominious</name><level>25</level></item><item><name>functionary</name><level>25</level></item><item><name>diversified</name><level>25</level></item><item><name>promiscuous</name><level>25</level></item><item><name>depredation</name><level>25</level></item><item><name>reactionary</name><level>25</level></item><item><name>rationalism</name><level>25</level></item><item><name>clandestine</name><level>25</level></item><item><name>interpolate</name><level>25</level></item><item><name>dissimulate</name><level>25</level></item><item><name>commiserate</name><level>25</level></item><item><name>machination</name><level>25</level></item><item><name>importunate</name><level>25</level></item><item><name>incongruity</name><level>25</level></item><item><name>overbearing</name><level>25</level></item><item><name>disaffected</name><level>25</level></item><item><name>redoubtable</name><level>25</level></item><item><name>sententious</name><level>25</level></item><item><name>circumspect</name><level>25</level></item><item><name>unmitigated</name><level>25</level></item><item><name>concomitant</name><level>25</level></item><item><name>improvident</name><level>25</level></item><item><name>categorical</name><level>25</level></item><item><name>proletarian</name><level>25</level></item><item><name>reprobation</name><level>25</level></item><item><name>perspicuous</name><level>25</level></item><item><name>unfaltering</name><level>25</level></item><item><name>triumvirate</name><level>25</level></item><item><name>magisterial</name><level>25</level></item><item><name>connotation</name><level>25</level></item><item><name>countermand</name><level>25</level></item><item><name>overweening</name><level>25</level></item><item><name>misanthrope</name><level>25</level></item>

	<!-- level 26 -->
	<item><name>contemptible</name><level>26</level></item><item><name>contemptuous</name><level>26</level></item><item><name>uninterested</name><level>26</level></item><item><name>Figuratively</name><level>26</level></item><item><name>inflammatory</name><level>26</level></item><item><name>respectfully</name><level>26</level></item><item><name>respectively</name><level>26</level></item><item><name>interminable</name><level>26</level></item><item><name>constituency</name><level>26</level></item><item><name>practitioner</name><level>26</level></item><item><name>disconsolate</name><level>26</level></item><item><name>exploitation</name><level>26</level></item><item><name>conservatory</name><level>26</level></item><item><name>encroachment</name><level>26</level></item><item><name>supercilious</name><level>26</level></item><item><name>inflammatory</name><level>26</level></item><item><name>idiosyncrasy</name><level>26</level></item><item><name>incorrigible</name><level>26</level></item><item><name>pathological</name><level>26</level></item><item><name>incandescent</name><level>26</level></item><item><name>disquisition</name><level>26</level></item><item><name>readjustment</name><level>26</level></item><item><name>demonstrable</name><level>26</level></item><item><name>pertinacious</name><level>26</level></item><item><name>appurtenance</name><level>26</level></item><item><name>adventitious</name><level>26</level></item><item><name>parsimonious</name><level>26</level></item>

	<!-- level 27 -->
	<item><name>uncomfortable</name><level>27</level></item><item><name>disappointing</name><level>27</level></item><item><name>disinterested</name><level>27</level></item><item><name>indeterminate</name><level>27</level></item><item><name>indeterminable</name><level>27</level></item><item><name>unexceptional</name><level>27</level></item><item><name>unexceptionable</name><level>27</level></item><item><name>circumstances</name><level>27</level></item><item><name>notwithstanding</name><level>27</level></item><item><name>apt</name><level>27</level></item><item><name>sob</name><level>27</level></item><item><name>vex</name><level>27</level></item><item><name>jet</name><level>27</level></item><item><name>wax</name><level>27</level></item><item><name>philosophical</name><level>27</level></item><item><name>manifestation</name><level>27</level></item><item><name>comprehensive</name><level>27</level></item><item><name>conscientious</name><level>27</level></item><item><name>ebb</name><level>27</level></item><item><name>hew</name><level>27</level></item><item><name>wry</name><level>27</level></item><item><name>coy</name><level>27</level></item><item><name>imperturbable</name><level>27</level></item><item><name>discriminating</name><level>27</level></item><item><name>fad</name><level>27</level></item><item><name>surreptitious</name><level>27</level></item><item><name>dispassionate</name><level>27</level></item><item><name>preternatural</name><level>27</level></item><item><name>paraphernalia</name><level>27</level></item><item><name>expostulation</name><level>27</level></item><item><name>vat</name><level>27</level></item><item><name>disapprobation</name><level>27</level></item><item><name>prognosticate</name><level>27</level></item><item><name>discretionary</name><level>27</level></item><item><name>pusillanimous</name><level>27</level></item><item><name>unimpeachable</name><level>27</level></item><item><name>unexceptionable</name><level>27</level></item><item><name>superannuated</name><level>27</level></item><item><name>unconscionable</name><level>27</level></item><item><name>grandiloquent</name><level>27</level></item><item><name>inconsequential</name><level>27</level></item><item><name>effervescence</name><level>27</level></item><item><name>anthropomorphic</name><level>27</level></item>
</Data>